path_hash	rel_path	input_path	output_path
e8497a9b88d337cc9141ccbc19e5bbf4	HG00732_20200722_EEE_m64076_200601_234627.ccs.fastq.gz	/gpfs/project/projects/medbioinf/data/00_RESTRUCTURE/project-centric/hgsvc/pacbio_hifi/20200722_PUR_PacBio_HG00732_HiFi/HG00732_20200722_EEE_m64076_200601_234627.ccs.bam	/gpfs/project/projects/medbioinf/data/00_RESTRUCTURE/project-centric/hgsvc/pacbio_hifi/20200722_PUR_PacBio_HG00732_HiFi/HG00732_20200722_EEE_m64076_200601_234627.ccs.fastq.gz
75d862cce70bea97b3a648e9f09547d6	HG00732_20200722_EEE_m54329U_200528_200534.ccs.fastq.gz	/gpfs/project/projects/medbioinf/data/00_RESTRUCTURE/project-centric/hgsvc/pacbio_hifi/20200722_PUR_PacBio_HG00732_HiFi/HG00732_20200722_EEE_m54329U_200528_200534.ccs.bam	/gpfs/project/projects/medbioinf/data/00_RESTRUCTURE/project-centric/hgsvc/pacbio_hifi/20200722_PUR_PacBio_HG00732_HiFi/HG00732_20200722_EEE_m54329U_200528_200534.ccs.fastq.gz
c6e8dfe05c5225881df72a8c713e21eb	HG00732_20200722_EEE_m64076_200603_055852.ccs.fastq.gz	/gpfs/project/projects/medbioinf/data/00_RESTRUCTURE/project-centric/hgsvc/pacbio_hifi/20200722_PUR_PacBio_HG00732_HiFi/HG00732_20200722_EEE_m64076_200603_055852.ccs.bam	/gpfs/project/projects/medbioinf/data/00_RESTRUCTURE/project-centric/hgsvc/pacbio_hifi/20200722_PUR_PacBio_HG00732_HiFi/HG00732_20200722_EEE_m64076_200603_055852.ccs.fastq.gz
998085e158061f627df3ad492aa91438	m54329U_200717_235548.ccs.fastq.gz	/gpfs/project/projects/medbioinf/data/00_RESTRUCTURE/project-centric/hgsvc/pacbio_hifi/20200731_CHS_PacBio_HG00514_HiFi_reseq/m54329U_200717_235548.ccs.bam	/gpfs/project/projects/medbioinf/data/00_RESTRUCTURE/project-centric/hgsvc/pacbio_hifi/20200731_CHS_PacBio_HG00514_HiFi_reseq/m54329U_200717_235548.ccs.fastq.gz
2dd59dc27b895929c01fbf0b9001763e	m54329U_200715_194535.ccs.fastq.gz	/gpfs/project/projects/medbioinf/data/00_RESTRUCTURE/project-centric/hgsvc/pacbio_hifi/20200731_CHS_PacBio_HG00514_HiFi_reseq/m54329U_200715_194535.ccs.bam	/gpfs/project/projects/medbioinf/data/00_RESTRUCTURE/project-centric/hgsvc/pacbio_hifi/20200731_CHS_PacBio_HG00514_HiFi_reseq/m54329U_200715_194535.ccs.fastq.gz
91c766a2a7cd77a166fa35af2ce09adb	m54329U_200719_061020.ccs.fastq.gz	/gpfs/project/projects/medbioinf/data/00_RESTRUCTURE/project-centric/hgsvc/pacbio_hifi/20200731_CHS_PacBio_HG00514_HiFi_reseq/m54329U_200719_061020.ccs.bam	/gpfs/project/projects/medbioinf/data/00_RESTRUCTURE/project-centric/hgsvc/pacbio_hifi/20200731_CHS_PacBio_HG00514_HiFi_reseq/m54329U_200719_061020.ccs.fastq.gz
654985ba410ae2ee83f0dc849b252a39	m64076_201023_184120.ccs.fastq.gz	/gpfs/project/projects/medbioinf/data/00_RESTRUCTURE/project-centric/hgsvc/pacbio_hifi/20220418_UW_HiFi/GM19129/m64076_201023_184120.ccs.bam	/gpfs/project/projects/medbioinf/data/00_RESTRUCTURE/project-centric/hgsvc/pacbio_hifi/20220418_UW_HiFi/GM19129/m64076_201023_184120.ccs.fastq.gz
f4ea3a00bd0b78985b7fe50346ff909f	m54329U_210516_043155-bc1022_BAK8B_OA.hifi_reads.fastq.gz	/gpfs/project/projects/medbioinf/data/00_RESTRUCTURE/project-centric/hgsvc/pacbio_hifi/20220418_UW_HiFi/GM19129/m54329U_210516_043155-bc1022_BAK8B_OA.hifi_reads.bam	/gpfs/project/projects/medbioinf/data/00_RESTRUCTURE/project-centric/hgsvc/pacbio_hifi/20220418_UW_HiFi/GM19129/m54329U_210516_043155-bc1022_BAK8B_OA.hifi_reads.fastq.gz
7678cd6917cef0acda8cc6ca4a973826	m64076_201025_005549.ccs.fastq.gz	/gpfs/project/projects/medbioinf/data/00_RESTRUCTURE/project-centric/hgsvc/pacbio_hifi/20220418_UW_HiFi/GM19129/m64076_201025_005549.ccs.bam	/gpfs/project/projects/medbioinf/data/00_RESTRUCTURE/project-centric/hgsvc/pacbio_hifi/20220418_UW_HiFi/GM19129/m64076_201025_005549.ccs.fastq.gz
6a3ac0f030f1da849ba0161a927f2c75	m54329U_210507_224951-bc1022_BAK8B_OA.hifi_reads.fastq.gz	/gpfs/project/projects/medbioinf/data/00_RESTRUCTURE/project-centric/hgsvc/pacbio_hifi/20220418_UW_HiFi/GM19129/m54329U_210507_224951-bc1022_BAK8B_OA.hifi_reads.bam	/gpfs/project/projects/medbioinf/data/00_RESTRUCTURE/project-centric/hgsvc/pacbio_hifi/20220418_UW_HiFi/GM19129/m54329U_210507_224951-bc1022_BAK8B_OA.hifi_reads.fastq.gz
b0da44182e78691ea00c0bcb85335a30	m54329U_210223_194607.ccs.fastq.gz	/gpfs/project/projects/medbioinf/data/00_RESTRUCTURE/project-centric/hgsvc/pacbio_hifi/20220418_UW_HiFi/GM19129/m54329U_210223_194607.ccs.bam	/gpfs/project/projects/medbioinf/data/00_RESTRUCTURE/project-centric/hgsvc/pacbio_hifi/20220418_UW_HiFi/GM19129/m54329U_210223_194607.ccs.fastq.gz
235d9938f8a81c63fd13d48a5abbc82b	m64076_210423_190653.hifi_reads.fastq.gz	/gpfs/project/projects/medbioinf/data/00_RESTRUCTURE/project-centric/hgsvc/pacbio_hifi/20220418_UW_HiFi/GM19129/m64076_210423_190653.hifi_reads.bam	/gpfs/project/projects/medbioinf/data/00_RESTRUCTURE/project-centric/hgsvc/pacbio_hifi/20220418_UW_HiFi/GM19129/m64076_210423_190653.hifi_reads.fastq.gz
fba83f915aff130407477b44e84b2223	m64076_201026_210420.ccs.fastq.gz	/gpfs/project/projects/medbioinf/data/00_RESTRUCTURE/project-centric/hgsvc/pacbio_hifi/20220418_UW_HiFi/GM19129/m64076_201026_210420.ccs.bam	/gpfs/project/projects/medbioinf/data/00_RESTRUCTURE/project-centric/hgsvc/pacbio_hifi/20220418_UW_HiFi/GM19129/m64076_201026_210420.ccs.fastq.gz
c026c2a6df07975a6c1af4631cf8444d	m54329U_201021_182400.ccs.fastq.gz	/gpfs/project/projects/medbioinf/data/00_RESTRUCTURE/project-centric/hgsvc/pacbio_hifi/20220418_UW_HiFi/GM19129/m54329U_201021_182400.ccs.bam	/gpfs/project/projects/medbioinf/data/00_RESTRUCTURE/project-centric/hgsvc/pacbio_hifi/20220418_UW_HiFi/GM19129/m54329U_201021_182400.ccs.fastq.gz
aedaf694bd1de62cc36774dc23cd6c0f	m54329U_220214_093304.hifi_reads.fastq.gz	/gpfs/project/projects/medbioinf/data/00_RESTRUCTURE/project-centric/hgsvc/pacbio_hifi/20220418_UW_HiFi/HG00171/m54329U_220214_093304.hifi_reads.bam	/gpfs/project/projects/medbioinf/data/00_RESTRUCTURE/project-centric/hgsvc/pacbio_hifi/20220418_UW_HiFi/HG00171/m54329U_220214_093304.hifi_reads.fastq.gz
5dffb3cc0dd86694d97a6dd67ede9154	m54329U_220212_223600.hifi_reads.fastq.gz	/gpfs/project/projects/medbioinf/data/00_RESTRUCTURE/project-centric/hgsvc/pacbio_hifi/20220418_UW_HiFi/HG00171/m54329U_220212_223600.hifi_reads.bam	/gpfs/project/projects/medbioinf/data/00_RESTRUCTURE/project-centric/hgsvc/pacbio_hifi/20220418_UW_HiFi/HG00171/m54329U_220212_223600.hifi_reads.fastq.gz
ec67a2ddc561d8c729c32c407cb8ac27	m54329U_220205_003428.hifi_reads.fastq.gz	/gpfs/project/projects/medbioinf/data/00_RESTRUCTURE/project-centric/hgsvc/pacbio_hifi/20220418_UW_HiFi/HG00171/m54329U_220205_003428.hifi_reads.bam	/gpfs/project/projects/medbioinf/data/00_RESTRUCTURE/project-centric/hgsvc/pacbio_hifi/20220418_UW_HiFi/HG00171/m54329U_220205_003428.hifi_reads.fastq.gz
ef783257270bab6108136496a99f5da3	m64076_220206_113231.hifi_reads.fastq.gz	/gpfs/project/projects/medbioinf/data/00_RESTRUCTURE/project-centric/hgsvc/pacbio_hifi/20220418_UW_HiFi/HG00864/m64076_220206_113231.hifi_reads.bam	/gpfs/project/projects/medbioinf/data/00_RESTRUCTURE/project-centric/hgsvc/pacbio_hifi/20220418_UW_HiFi/HG00864/m64076_220206_113231.hifi_reads.fastq.gz
11a0d7e2e16423a00f0198ab4ca35953	m64076_220212_235702.hifi_reads.fastq.gz	/gpfs/project/projects/medbioinf/data/00_RESTRUCTURE/project-centric/hgsvc/pacbio_hifi/20220418_UW_HiFi/HG00864/m64076_220212_235702.hifi_reads.bam	/gpfs/project/projects/medbioinf/data/00_RESTRUCTURE/project-centric/hgsvc/pacbio_hifi/20220418_UW_HiFi/HG00864/m64076_220212_235702.hifi_reads.fastq.gz
ae669d31249425774ef3fa9da4f2b65d	m64076_220214_105131.hifi_reads.fastq.gz	/gpfs/project/projects/medbioinf/data/00_RESTRUCTURE/project-centric/hgsvc/pacbio_hifi/20220418_UW_HiFi/HG00864/m64076_220214_105131.hifi_reads.bam	/gpfs/project/projects/medbioinf/data/00_RESTRUCTURE/project-centric/hgsvc/pacbio_hifi/20220418_UW_HiFi/HG00864/m64076_220214_105131.hifi_reads.fastq.gz
01baa03b3d0fac8d8bb13c63b59042f3	m54329U_220129_124757.hifi_reads.fastq.gz	/gpfs/project/projects/medbioinf/data/00_RESTRUCTURE/project-centric/hgsvc/pacbio_hifi/20220418_UW_HiFi/HG02018/m54329U_220129_124757.hifi_reads.bam	/gpfs/project/projects/medbioinf/data/00_RESTRUCTURE/project-centric/hgsvc/pacbio_hifi/20220418_UW_HiFi/HG02018/m54329U_220129_124757.hifi_reads.fastq.gz
1b9e1bc9fd725e71165dc0103b40c3df	m54329U_220128_015221.hifi_reads.fastq.gz	/gpfs/project/projects/medbioinf/data/00_RESTRUCTURE/project-centric/hgsvc/pacbio_hifi/20220418_UW_HiFi/HG02018/m54329U_220128_015221.hifi_reads.bam	/gpfs/project/projects/medbioinf/data/00_RESTRUCTURE/project-centric/hgsvc/pacbio_hifi/20220418_UW_HiFi/HG02018/m54329U_220128_015221.hifi_reads.fastq.gz
0c3f45c4cd9bae444e2c801a2ecce223	m54329U_220125_004416.hifi_reads.fastq.gz	/gpfs/project/projects/medbioinf/data/00_RESTRUCTURE/project-centric/hgsvc/pacbio_hifi/20220418_UW_HiFi/HG02018/m54329U_220125_004416.hifi_reads.bam	/gpfs/project/projects/medbioinf/data/00_RESTRUCTURE/project-centric/hgsvc/pacbio_hifi/20220418_UW_HiFi/HG02018/m54329U_220125_004416.hifi_reads.fastq.gz
bd1d1f295b3ab665fc04fd1c715488f4	m64076_220122_011847.hifi_reads.fastq.gz	/gpfs/project/projects/medbioinf/data/00_RESTRUCTURE/project-centric/hgsvc/pacbio_hifi/20220418_UW_HiFi/NA12329/m64076_220122_011847.hifi_reads.bam	/gpfs/project/projects/medbioinf/data/00_RESTRUCTURE/project-centric/hgsvc/pacbio_hifi/20220418_UW_HiFi/NA12329/m64076_220122_011847.hifi_reads.fastq.gz
b964527184b42b6c84521df1cb3b572c	m64076_220126_113534.hifi_reads.fastq.gz	/gpfs/project/projects/medbioinf/data/00_RESTRUCTURE/project-centric/hgsvc/pacbio_hifi/20220418_UW_HiFi/NA12329/m64076_220126_113534.hifi_reads.bam	/gpfs/project/projects/medbioinf/data/00_RESTRUCTURE/project-centric/hgsvc/pacbio_hifi/20220418_UW_HiFi/NA12329/m64076_220126_113534.hifi_reads.fastq.gz
847e57c209b5cc0a7947526790e7d56e	m64076_220128_015732.hifi_reads.fastq.gz	/gpfs/project/projects/medbioinf/data/00_RESTRUCTURE/project-centric/hgsvc/pacbio_hifi/20220418_UW_HiFi/NA12329/m64076_220128_015732.hifi_reads.bam	/gpfs/project/projects/medbioinf/data/00_RESTRUCTURE/project-centric/hgsvc/pacbio_hifi/20220418_UW_HiFi/NA12329/m64076_220128_015732.hifi_reads.fastq.gz
2eb6f8e595e29d91e39d7c42bc3273e7	m64076_220129_125006.hifi_reads.fastq.gz	/gpfs/project/projects/medbioinf/data/00_RESTRUCTURE/project-centric/hgsvc/pacbio_hifi/20220418_UW_HiFi/NA19036/m64076_220129_125006.hifi_reads.bam	/gpfs/project/projects/medbioinf/data/00_RESTRUCTURE/project-centric/hgsvc/pacbio_hifi/20220418_UW_HiFi/NA19036/m64076_220129_125006.hifi_reads.fastq.gz
a83a979d15e04bbcd2a1342ad23ad7ec	m64076_220130_234407.hifi_reads.fastq.gz	/gpfs/project/projects/medbioinf/data/00_RESTRUCTURE/project-centric/hgsvc/pacbio_hifi/20220418_UW_HiFi/NA19036/m64076_220130_234407.hifi_reads.bam	/gpfs/project/projects/medbioinf/data/00_RESTRUCTURE/project-centric/hgsvc/pacbio_hifi/20220418_UW_HiFi/NA19036/m64076_220130_234407.hifi_reads.fastq.gz
9b22dd3e25501dfc8d1314ced462d9e4	m64076_220125_004322.hifi_reads.fastq.gz	/gpfs/project/projects/medbioinf/data/00_RESTRUCTURE/project-centric/hgsvc/pacbio_hifi/20220418_UW_HiFi/NA19036/m64076_220125_004322.hifi_reads.bam	/gpfs/project/projects/medbioinf/data/00_RESTRUCTURE/project-centric/hgsvc/pacbio_hifi/20220418_UW_HiFi/NA19036/m64076_220125_004322.hifi_reads.fastq.gz
90024256413079a05960d8f7f9b77629	m54329U_220219_025145.hifi_reads.fastq.gz	/gpfs/project/projects/medbioinf/data/00_RESTRUCTURE/project-centric/hgsvc/pacbio_hifi/20220418_UW_HiFi/NA19983/m54329U_220219_025145.hifi_reads.bam	/gpfs/project/projects/medbioinf/data/00_RESTRUCTURE/project-centric/hgsvc/pacbio_hifi/20220418_UW_HiFi/NA19983/m54329U_220219_025145.hifi_reads.fastq.gz
521452037a4e44e83f19e436ca1a48e8	m64076_220217_122931.hifi_reads.fastq.gz	/gpfs/project/projects/medbioinf/data/00_RESTRUCTURE/project-centric/hgsvc/pacbio_hifi/20220418_UW_HiFi/NA19983/m64076_220217_122931.hifi_reads.bam	/gpfs/project/projects/medbioinf/data/00_RESTRUCTURE/project-centric/hgsvc/pacbio_hifi/20220418_UW_HiFi/NA19983/m64076_220217_122931.hifi_reads.fastq.gz
03f2a20d644c2d18aa59c27c71eb9949	m54329U_220211_113834.hifi_reads.fastq.gz	/gpfs/project/projects/medbioinf/data/00_RESTRUCTURE/project-centric/hgsvc/pacbio_hifi/20220418_UW_HiFi/NA19983/m54329U_220211_113834.hifi_reads.bam	/gpfs/project/projects/medbioinf/data/00_RESTRUCTURE/project-centric/hgsvc/pacbio_hifi/20220418_UW_HiFi/NA19983/m54329U_220211_113834.hifi_reads.fastq.gz
51548ce99868ee6404176f36282c5f34	m64076_220207_222645.hifi_reads.fastq.gz	/gpfs/project/projects/medbioinf/data/00_RESTRUCTURE/project-centric/hgsvc/pacbio_hifi/20220418_UW_HiFi/NA20847/m64076_220207_222645.hifi_reads.bam	/gpfs/project/projects/medbioinf/data/00_RESTRUCTURE/project-centric/hgsvc/pacbio_hifi/20220418_UW_HiFi/NA20847/m64076_220207_222645.hifi_reads.fastq.gz
91537fa4acaff9b0c614d5e99fa724b9	m64076_220205_003337.hifi_reads.fastq.gz	/gpfs/project/projects/medbioinf/data/00_RESTRUCTURE/project-centric/hgsvc/pacbio_hifi/20220418_UW_HiFi/NA20847/m64076_220205_003337.hifi_reads.bam	/gpfs/project/projects/medbioinf/data/00_RESTRUCTURE/project-centric/hgsvc/pacbio_hifi/20220418_UW_HiFi/NA20847/m64076_220205_003337.hifi_reads.fastq.gz
f7170dc8583b2deaf66c78a682800f0b	m64076_220202_232805.hifi_reads.fastq.gz	/gpfs/project/projects/medbioinf/data/00_RESTRUCTURE/project-centric/hgsvc/pacbio_hifi/20220418_UW_HiFi/NA20847/m64076_220202_232805.hifi_reads.bam	/gpfs/project/projects/medbioinf/data/00_RESTRUCTURE/project-centric/hgsvc/pacbio_hifi/20220418_UW_HiFi/NA20847/m64076_220202_232805.hifi_reads.fastq.gz
b1328e3439d2d7ef144f9f626bcdfc52	m54329U_210221_195419.ccs.fastq.gz	/gpfs/project/projects/medbioinf/data/00_RESTRUCTURE/project-centric/hgsvc/pacbio_hifi/20210509_UW_HiFi/HG02769/m54329U_210221_195419.ccs.bam	/gpfs/project/projects/medbioinf/data/00_RESTRUCTURE/project-centric/hgsvc/pacbio_hifi/20210509_UW_HiFi/HG02769/m54329U_210221_195419.ccs.fastq.gz
eb7385e8aed7b9446167e4fb49f5f998	m54329U_210127_001445.ccs.fastq.gz	/gpfs/project/projects/medbioinf/data/00_RESTRUCTURE/project-centric/hgsvc/pacbio_hifi/20210509_UW_HiFi/HG02769/m54329U_210127_001445.ccs.bam	/gpfs/project/projects/medbioinf/data/00_RESTRUCTURE/project-centric/hgsvc/pacbio_hifi/20210509_UW_HiFi/HG02769/m54329U_210127_001445.ccs.fastq.gz
a3a94716d9005175e60a46d0c5c9accb	m54329U_210122_200631.ccs.fastq.gz	/gpfs/project/projects/medbioinf/data/00_RESTRUCTURE/project-centric/hgsvc/pacbio_hifi/20210509_UW_HiFi/HG02769/m54329U_210122_200631.ccs.bam	/gpfs/project/projects/medbioinf/data/00_RESTRUCTURE/project-centric/hgsvc/pacbio_hifi/20210509_UW_HiFi/HG02769/m54329U_210122_200631.ccs.fastq.gz
bd9dc8677718483c0637bca59f9dabb8	m54329U_210125_180102.ccs.fastq.gz	/gpfs/project/projects/medbioinf/data/00_RESTRUCTURE/project-centric/hgsvc/pacbio_hifi/20210509_UW_HiFi/HG02769/m54329U_210125_180102.ccs.bam	/gpfs/project/projects/medbioinf/data/00_RESTRUCTURE/project-centric/hgsvc/pacbio_hifi/20210509_UW_HiFi/HG02769/m54329U_210125_180102.ccs.fastq.gz
7261e8a58b9a9ec42d7d6c98602678a2	m64076_210428_040717.hifi_reads.fastq.gz	/gpfs/project/projects/medbioinf/data/00_RESTRUCTURE/project-centric/hgsvc/pacbio_hifi/20210509_UW_HiFi/HG02953/m64076_210428_040717.hifi_reads.bam	/gpfs/project/projects/medbioinf/data/00_RESTRUCTURE/project-centric/hgsvc/pacbio_hifi/20210509_UW_HiFi/HG02953/m64076_210428_040717.hifi_reads.fastq.gz
c6431ea2d5ba51a5a2f29c374343f5c5	m64076_210426_220753.hifi_reads.fastq.gz	/gpfs/project/projects/medbioinf/data/00_RESTRUCTURE/project-centric/hgsvc/pacbio_hifi/20210509_UW_HiFi/HG02953/m64076_210426_220753.hifi_reads.bam	/gpfs/project/projects/medbioinf/data/00_RESTRUCTURE/project-centric/hgsvc/pacbio_hifi/20210509_UW_HiFi/HG02953/m64076_210426_220753.hifi_reads.fastq.gz
89b48196183dc7a832f9ef60462d98c1	m64076_210425_010557.hifi_reads.fastq.gz	/gpfs/project/projects/medbioinf/data/00_RESTRUCTURE/project-centric/hgsvc/pacbio_hifi/20210509_UW_HiFi/HG02953/m64076_210425_010557.hifi_reads.bam	/gpfs/project/projects/medbioinf/data/00_RESTRUCTURE/project-centric/hgsvc/pacbio_hifi/20210509_UW_HiFi/HG02953/m64076_210425_010557.hifi_reads.fastq.gz
ef5abafe07fe05f52997b662600a1d8f	m64076_210429_101918.hifi_reads.fastq.gz	/gpfs/project/projects/medbioinf/data/00_RESTRUCTURE/project-centric/hgsvc/pacbio_hifi/20210509_UW_HiFi/HG02953/m64076_210429_101918.hifi_reads.bam	/gpfs/project/projects/medbioinf/data/00_RESTRUCTURE/project-centric/hgsvc/pacbio_hifi/20210509_UW_HiFi/HG02953/m64076_210429_101918.hifi_reads.fastq.gz
cd05430148201fc9f262bfbe5d1bfecc	m64076_210131_015832.ccs.fastq.gz	/gpfs/project/projects/medbioinf/data/00_RESTRUCTURE/project-centric/hgsvc/pacbio_hifi/20210509_UW_HiFi/HG03452/m64076_210131_015832.ccs.bam	/gpfs/project/projects/medbioinf/data/00_RESTRUCTURE/project-centric/hgsvc/pacbio_hifi/20210509_UW_HiFi/HG03452/m64076_210131_015832.ccs.fastq.gz
0c908ac60b1b60277cce18e549b0d1f7	m64076_210201_082658.ccs.fastq.gz	/gpfs/project/projects/medbioinf/data/00_RESTRUCTURE/project-centric/hgsvc/pacbio_hifi/20210509_UW_HiFi/HG03452/m64076_210201_082658.ccs.bam	/gpfs/project/projects/medbioinf/data/00_RESTRUCTURE/project-centric/hgsvc/pacbio_hifi/20210509_UW_HiFi/HG03452/m64076_210201_082658.ccs.fastq.gz
ea45ae2e7f1b0c95913bb8b6a21b427f	m64076_210126_175628.ccs.fastq.gz	/gpfs/project/projects/medbioinf/data/00_RESTRUCTURE/project-centric/hgsvc/pacbio_hifi/20210509_UW_HiFi/HG03452/m64076_210126_175628.ccs.bam	/gpfs/project/projects/medbioinf/data/00_RESTRUCTURE/project-centric/hgsvc/pacbio_hifi/20210509_UW_HiFi/HG03452/m64076_210126_175628.ccs.fastq.gz
a2ee202a3af576009adaa4fd07f3cf03	EDEVI_20211130_S64049_PL100216561-1_C01.ccs.fastq.gz	/gpfs/project/projects/medbioinf/data/00_RESTRUCTURE/project-centric/hgsvc/pacbio_hifi/20211207_UMIGS_HiFi/GM19434/EDEVI_20211130_S64049_PL100216561-1_C01.ccs.bam	/gpfs/project/projects/medbioinf/data/00_RESTRUCTURE/project-centric/hgsvc/pacbio_hifi/20211207_UMIGS_HiFi/GM19434/EDEVI_20211130_S64049_PL100216561-1_C01.ccs.fastq.gz
91f26205717179dab72f6952b87e935f	EDEVI_20220125_S64049_PL100216561-3_B01.ccs.fastq.gz	/gpfs/project/projects/medbioinf/data/00_RESTRUCTURE/project-centric/hgsvc/pacbio_hifi/20211207_UMIGS_HiFi/GM19434/EDEVI_20220125_S64049_PL100216561-3_B01.ccs.bam	/gpfs/project/projects/medbioinf/data/00_RESTRUCTURE/project-centric/hgsvc/pacbio_hifi/20211207_UMIGS_HiFi/GM19434/EDEVI_20220125_S64049_PL100216561-3_B01.ccs.fastq.gz
eb21078f486188220c9d53e59b167c29	EDEVI_20211130_S64049_PL100216561-1_D01.ccs.fastq.gz	/gpfs/project/projects/medbioinf/data/00_RESTRUCTURE/project-centric/hgsvc/pacbio_hifi/20211207_UMIGS_HiFi/GM19434/EDEVI_20211130_S64049_PL100216561-1_D01.ccs.bam	/gpfs/project/projects/medbioinf/data/00_RESTRUCTURE/project-centric/hgsvc/pacbio_hifi/20211207_UMIGS_HiFi/GM19434/EDEVI_20211130_S64049_PL100216561-1_D01.ccs.fastq.gz
5a1e0f84d2a50bb5bcdaf0584555fae2	EDEVI_20210820_S64049_PL100192554-1_B01.ccs.fastq.gz	/gpfs/project/projects/medbioinf/data/00_RESTRUCTURE/project-centric/hgsvc/pacbio_hifi/20211207_UMIGS_HiFi/GM19434/EDEVI_20210820_S64049_PL100192554-1_B01.ccs.bam	/gpfs/project/projects/medbioinf/data/00_RESTRUCTURE/project-centric/hgsvc/pacbio_hifi/20211207_UMIGS_HiFi/GM19434/EDEVI_20210820_S64049_PL100192554-1_B01.ccs.fastq.gz
dd73290e5d794f22dd626c506f4d2dc8	EDEVI_20220125_S64049_PL100216561-3_A01.ccs.fastq.gz	/gpfs/project/projects/medbioinf/data/00_RESTRUCTURE/project-centric/hgsvc/pacbio_hifi/20211207_UMIGS_HiFi/GM19434/EDEVI_20220125_S64049_PL100216561-3_A01.ccs.bam	/gpfs/project/projects/medbioinf/data/00_RESTRUCTURE/project-centric/hgsvc/pacbio_hifi/20211207_UMIGS_HiFi/GM19434/EDEVI_20220125_S64049_PL100216561-3_A01.ccs.fastq.gz
59daa1e40fb0b962deaec8b8924f9416	EDEVI_20210902_S64049_PL100193594-1_F01.ccs.fastq.gz	/gpfs/project/projects/medbioinf/data/00_RESTRUCTURE/project-centric/hgsvc/pacbio_hifi/20211207_UMIGS_HiFi/GM19836/EDEVI_20210902_S64049_PL100193594-1_F01.ccs.bam	/gpfs/project/projects/medbioinf/data/00_RESTRUCTURE/project-centric/hgsvc/pacbio_hifi/20211207_UMIGS_HiFi/GM19836/EDEVI_20210902_S64049_PL100193594-1_F01.ccs.fastq.gz
fa03beeed823811f9e2f8759aaa5ee11	EDEVI_20211001_S64018_PL100179097A-1_C01.ccs.fastq.gz	/gpfs/project/projects/medbioinf/data/00_RESTRUCTURE/project-centric/hgsvc/pacbio_hifi/20211207_UMIGS_HiFi/GM19836/EDEVI_20211001_S64018_PL100179097A-1_C01.ccs.bam	/gpfs/project/projects/medbioinf/data/00_RESTRUCTURE/project-centric/hgsvc/pacbio_hifi/20211207_UMIGS_HiFi/GM19836/EDEVI_20211001_S64018_PL100179097A-1_C01.ccs.fastq.gz
8f98aec1374599c2e974d5bdb95c766f	EDEVI_20211122_S64018_PL100179097A-2_B01.ccs.fastq.gz	/gpfs/project/projects/medbioinf/data/00_RESTRUCTURE/project-centric/hgsvc/pacbio_hifi/20211207_UMIGS_HiFi/GM19836/EDEVI_20211122_S64018_PL100179097A-2_B01.ccs.bam	/gpfs/project/projects/medbioinf/data/00_RESTRUCTURE/project-centric/hgsvc/pacbio_hifi/20211207_UMIGS_HiFi/GM19836/EDEVI_20211122_S64018_PL100179097A-2_B01.ccs.fastq.gz
d2e2ad75b45fac5a3ad203a28e870792	EDEVI_20211103_S64018_PL100179097A-2_D01.ccs.fastq.gz	/gpfs/project/projects/medbioinf/data/00_RESTRUCTURE/project-centric/hgsvc/pacbio_hifi/20211207_UMIGS_HiFi/GM19836/EDEVI_20211103_S64018_PL100179097A-2_D01.ccs.bam	/gpfs/project/projects/medbioinf/data/00_RESTRUCTURE/project-centric/hgsvc/pacbio_hifi/20211207_UMIGS_HiFi/GM19836/EDEVI_20211103_S64018_PL100179097A-2_D01.ccs.fastq.gz
ea8384f2b060290494a1571d691c94b8	EDEVI_20210402_S64049_PL100170204-1_C01.ccs.fastq.gz	/gpfs/project/projects/medbioinf/data/00_RESTRUCTURE/project-centric/hgsvc/pacbio_hifi/20211207_UMIGS_HiFi/HG02282/EDEVI_20210402_S64049_PL100170204-1_C01.ccs.bam	/gpfs/project/projects/medbioinf/data/00_RESTRUCTURE/project-centric/hgsvc/pacbio_hifi/20211207_UMIGS_HiFi/HG02282/EDEVI_20210402_S64049_PL100170204-1_C01.ccs.fastq.gz
8efa0d774c671b5a942a5bbed9a7dc36	EDEVI_20211019_S64049_PL100194356-2_A01.ccs.fastq.gz	/gpfs/project/projects/medbioinf/data/00_RESTRUCTURE/project-centric/hgsvc/pacbio_hifi/20211207_UMIGS_HiFi/HG02282/EDEVI_20211019_S64049_PL100194356-2_A01.ccs.bam	/gpfs/project/projects/medbioinf/data/00_RESTRUCTURE/project-centric/hgsvc/pacbio_hifi/20211207_UMIGS_HiFi/HG02282/EDEVI_20211019_S64049_PL100194356-2_A01.ccs.fastq.gz
a872a89c3fa4927e8896cd744c1fe37c	EDEVI_20210412_S64018_PL100170204-3_B01.ccs.fastq.gz	/gpfs/project/projects/medbioinf/data/00_RESTRUCTURE/project-centric/hgsvc/pacbio_hifi/20211207_UMIGS_HiFi/HG02282/EDEVI_20210412_S64018_PL100170204-3_B01.ccs.bam	/gpfs/project/projects/medbioinf/data/00_RESTRUCTURE/project-centric/hgsvc/pacbio_hifi/20211207_UMIGS_HiFi/HG02282/EDEVI_20210412_S64018_PL100170204-3_B01.ccs.fastq.gz
dd984add1fa52a06fbd055aa35675956	EDEVI_20210402_S64049_PL100170204-1_A01.ccs.fastq.gz	/gpfs/project/projects/medbioinf/data/00_RESTRUCTURE/project-centric/hgsvc/pacbio_hifi/20211207_UMIGS_HiFi/HG02282/EDEVI_20210402_S64049_PL100170204-1_A01.ccs.bam	/gpfs/project/projects/medbioinf/data/00_RESTRUCTURE/project-centric/hgsvc/pacbio_hifi/20211207_UMIGS_HiFi/HG02282/EDEVI_20210402_S64049_PL100170204-1_A01.ccs.fastq.gz
05c1ed9bf340249be4a0a3497b093137	EDEVI_20210907_S64018_PL100194356-1_D01.ccs.fastq.gz	/gpfs/project/projects/medbioinf/data/00_RESTRUCTURE/project-centric/hgsvc/pacbio_hifi/20211207_UMIGS_HiFi/HG02282/EDEVI_20210907_S64018_PL100194356-1_D01.ccs.bam	/gpfs/project/projects/medbioinf/data/00_RESTRUCTURE/project-centric/hgsvc/pacbio_hifi/20211207_UMIGS_HiFi/HG02282/EDEVI_20210907_S64018_PL100194356-1_D01.ccs.fastq.gz
22d2ff4f8ec47164a659f757b28ad468	EDEVI_20210412_S64018_PL100170204-3_C01.ccs.fastq.gz	/gpfs/project/projects/medbioinf/data/00_RESTRUCTURE/project-centric/hgsvc/pacbio_hifi/20211207_UMIGS_HiFi/HG02282/EDEVI_20210412_S64018_PL100170204-3_C01.ccs.bam	/gpfs/project/projects/medbioinf/data/00_RESTRUCTURE/project-centric/hgsvc/pacbio_hifi/20211207_UMIGS_HiFi/HG02282/EDEVI_20210412_S64018_PL100170204-3_C01.ccs.fastq.gz
7a419efad05e5baa35a74ac234ecf1c9	EDEVI_20210603_S64018_PL100170205A-3_A01.ccs.fastq.gz	/gpfs/project/projects/medbioinf/data/00_RESTRUCTURE/project-centric/hgsvc/pacbio_hifi/20211207_UMIGS_HiFi/HG03520/EDEVI_20210603_S64018_PL100170205A-3_A01.ccs.bam	/gpfs/project/projects/medbioinf/data/00_RESTRUCTURE/project-centric/hgsvc/pacbio_hifi/20211207_UMIGS_HiFi/HG03520/EDEVI_20210603_S64018_PL100170205A-3_A01.ccs.fastq.gz
238f53df77a9983090743fbe34bae439	EDEVI_20210402_S64049_PL100170205-1_B01.ccs.fastq.gz	/gpfs/project/projects/medbioinf/data/00_RESTRUCTURE/project-centric/hgsvc/pacbio_hifi/20211207_UMIGS_HiFi/HG03520/EDEVI_20210402_S64049_PL100170205-1_B01.ccs.bam	/gpfs/project/projects/medbioinf/data/00_RESTRUCTURE/project-centric/hgsvc/pacbio_hifi/20211207_UMIGS_HiFi/HG03520/EDEVI_20210402_S64049_PL100170205-1_B01.ccs.fastq.gz
4bdac5800d28fe26fd76f93d0ae09c19	EDEVI_20210924_S64018_PL100194882-1_C01.ccs.fastq.gz	/gpfs/project/projects/medbioinf/data/00_RESTRUCTURE/project-centric/hgsvc/pacbio_hifi/20211207_UMIGS_HiFi/HG03520/EDEVI_20210924_S64018_PL100194882-1_C01.ccs.bam	/gpfs/project/projects/medbioinf/data/00_RESTRUCTURE/project-centric/hgsvc/pacbio_hifi/20211207_UMIGS_HiFi/HG03520/EDEVI_20210924_S64018_PL100194882-1_C01.ccs.fastq.gz
664662de479745b095282a8b4bb3182f	EDEVI_20211019_S64049_PL100194881-1_B01.ccs.fastq.gz	/gpfs/project/projects/medbioinf/data/00_RESTRUCTURE/project-centric/hgsvc/pacbio_hifi/20211207_UMIGS_HiFi/HG03520/EDEVI_20211019_S64049_PL100194881-1_B01.ccs.bam	/gpfs/project/projects/medbioinf/data/00_RESTRUCTURE/project-centric/hgsvc/pacbio_hifi/20211207_UMIGS_HiFi/HG03520/EDEVI_20211019_S64049_PL100194881-1_B01.ccs.fastq.gz
44cdf3c616e5fa3f24436b50052e69b3	EDEVI_20210924_S64018_PL100194882-1_B01.ccs.fastq.gz	/gpfs/project/projects/medbioinf/data/00_RESTRUCTURE/project-centric/hgsvc/pacbio_hifi/20211207_UMIGS_HiFi/HG03520/EDEVI_20210924_S64018_PL100194882-1_B01.ccs.bam	/gpfs/project/projects/medbioinf/data/00_RESTRUCTURE/project-centric/hgsvc/pacbio_hifi/20211207_UMIGS_HiFi/HG03520/EDEVI_20210924_S64018_PL100194882-1_B01.ccs.fastq.gz
8cf9c7ae35149deec81ff7e3323c66f9	EDEVI_20210427_S64018_PL100170205A-1_A01.ccs.fastq.gz	/gpfs/project/projects/medbioinf/data/00_RESTRUCTURE/project-centric/hgsvc/pacbio_hifi/20211207_UMIGS_HiFi/HG03520/EDEVI_20210427_S64018_PL100170205A-1_A01.ccs.bam	/gpfs/project/projects/medbioinf/data/00_RESTRUCTURE/project-centric/hgsvc/pacbio_hifi/20211207_UMIGS_HiFi/HG03520/EDEVI_20210427_S64018_PL100170205A-1_A01.ccs.fastq.gz
