project_accession	sample_alias	id	alias	instrumentModel	firstCreated	firstPublic	releaseStatus	submissionAccountId	studyId	experimentId	sampleId	instrument_model	library_name	library_source	library_selection	library_strategy	file_name	file_md5
PRJEB75192	GM19129_RNASeq	ERR12944365	ena-RUN-TAB-21-04-2024-05:22:49:027-34716	Illumina NovaSeq 6000	2024-04-21T06:22:58		PRIVATE	Webin-56587	ERP159777	ERX12316706	ERS19012125	Illumina NovaSeq 6000	NA19129	TRANSCRIPTOMIC	PolyA	RNA-Seq	GM19129_GT21-11702_GGAGCGTC-GCACGGAC_S40_L004_R2_001.fastq.gz	2b0ee3f01cb8910b280a95457f23941f
PRJEB75192	GM19129_RNASeq_R1	ERR12944347	ena-RUN-TAB-21-04-2024-05:22:49:013-34680	Illumina NovaSeq 6000	2024-04-21T06:22:57		PRIVATE	Webin-56587	ERP159777	ERX12316688	ERS19012154	Illumina NovaSeq 6000	NA19129	TRANSCRIPTOMIC	PolyA	RNA-Seq	GM19129_GT21-11702_GGAGCGTC-GCACGGAC_S40_L004_R1_001.fastq.gz	468d209354e2fa1a84f99d40e5fbc2b0
PRJEB75192	GM19320_RNASeq	ERR12944353	ena-RUN-TAB-21-04-2024-05:22:49:017-34692	Illumina NovaSeq 6000	2024-04-21T06:22:57		PRIVATE	Webin-56587	ERP159777	ERX12316694	ERS19012128	Illumina NovaSeq 6000	NA19320	TRANSCRIPTOMIC	PolyA	RNA-Seq	GM19320_GT21-11701_AAGATACT-ATGTAAGT_S42_L004_R2_001.fastq.gz	16c5408795b7347f575f45645525685b
PRJEB75192	GM19320_RNASeq_R1	ERR12944357	ena-RUN-TAB-21-04-2024-05:22:49:021-34700	Illumina NovaSeq 6000	2024-04-21T06:22:58		PRIVATE	Webin-56587	ERP159777	ERX12316698	ERS19012148	Illumina NovaSeq 6000	NA19320	TRANSCRIPTOMIC	PolyA	RNA-Seq	GM19320_GT21-11701_AAGATACT-ATGTAAGT_S42_L004_R1_001.fastq.gz	933bd01b12c883e5f7c4602588515ed8
PRJEB75192	GM20355_RNASeq	ERR12944335	ena-RUN-TAB-21-04-2024-05:22:49:003-34656	Illumina NovaSeq 6000	2024-04-21T06:22:56		PRIVATE	Webin-56587	ERP159777	ERX12316676	ERS19012141	Illumina NovaSeq 6000	NA20355	TRANSCRIPTOMIC	PolyA	RNA-Seq	GM20355_GT21-11700_TATCGCAC-ACACTAAG_S4_L001_R2_001.fastq.gz	afe5fcaf0645d17b75c4d7ee2bc74f8f
PRJEB75192	GM20355_RNASeq_R1	ERR12944332	ena-RUN-TAB-21-04-2024-05:22:49:001-34650	Illumina NovaSeq 6000	2024-04-21T06:22:54		PRIVATE	Webin-56587	ERP159777	ERX12316673	ERS19012153	Illumina NovaSeq 6000	NA20355	TRANSCRIPTOMIC	PolyA	RNA-Seq	GM20355_GT21-11700_TATCGCAC-ACACTAAG_S4_L001_R1_001.fastq.gz	864b98e2caedebdf6cafb613203c3c32
PRJEB75192	GM21487_RNASeq	ERR12944338	ena-RUN-TAB-21-04-2024-05:22:49:006-34662	Illumina NovaSeq 6000	2024-04-21T06:22:56		PRIVATE	Webin-56587	ERP159777	ERX12316679	ERS19012142	Illumina NovaSeq 6000	NA21487	TRANSCRIPTOMIC	PolyA	RNA-Seq	GM21487_GT21-11707_ATATCTCG-ACTAAGAT_S37_L004_R1_001.fastq.gz	92ed06980ab616062404ecf82ab771bc
PRJEB75192	GM21487_RNASeq_R2	ERR12944354	ena-RUN-TAB-21-04-2024-05:22:49:018-34694	Illumina NovaSeq 6000	2024-04-21T06:22:58		PRIVATE	Webin-56587	ERP159777	ERX12316695	ERS19012151	Illumina NovaSeq 6000	NA21487	TRANSCRIPTOMIC	PolyA	RNA-Seq	GM21487_GT21-11707_ATATCTCG-ACTAAGAT_S37_L004_R2_001.fastq.gz	9e214d022b1d79d3409b242d39211fe8
PRJEB75192	HG00268_RNASeq	ERR12944345	ena-RUN-TAB-21-04-2024-05:22:49:011-34676	Illumina NovaSeq 6000	2024-04-21T06:22:57		PRIVATE	Webin-56587	ERP159777	ERX12316686	ERS19012132	Illumina NovaSeq 6000	HG00268	TRANSCRIPTOMIC	PolyA	RNA-Seq	HG00268_GT21-11697_CGGACAAC-AATCCGGA_S30_L003_R1_001.fastq.gz	d4d84ed5fbb40684bda54e376432f907
PRJEB75192	HG00268_RNASeq_R2	ERR12944341	ena-RUN-TAB-21-04-2024-05:22:49:008-34668	Illumina NovaSeq 6000	2024-04-21T06:22:57		PRIVATE	Webin-56587	ERP159777	ERX12316682	ERS19012161	Illumina NovaSeq 6000	HG00268	TRANSCRIPTOMIC	PolyA	RNA-Seq	HG00268_GT21-11697_CGGACAAC-AATCCGGA_S30_L003_R2_001.fastq.gz	0ec1f94dd5f172fc4f75f8cf9d950f8b
PRJEB75192	HG01352_RNASeq	ERR12944340	ena-RUN-TAB-21-04-2024-05:22:49:007-34666	Illumina NovaSeq 6000	2024-04-21T06:22:56		PRIVATE	Webin-56587	ERP159777	ERX12316681	ERS19012133	Illumina NovaSeq 6000	HG01352	TRANSCRIPTOMIC	PolyA	RNA-Seq	HG01352_GT21-11698_ATATGGAT-TAATACAG_S29_L003_R1_001.fastq.gz	157446654cb93ff9501509ef673817d3
PRJEB75192	HG01352_RNASeq_R2	ERR12944343	ena-RUN-TAB-21-04-2024-05:22:49:009-34672	Illumina NovaSeq 6000	2024-04-21T06:22:57		PRIVATE	Webin-56587	ERP159777	ERX12316684	ERS19012145	Illumina NovaSeq 6000	HG01352	TRANSCRIPTOMIC	PolyA	RNA-Seq	HG01352_GT21-11698_ATATGGAT-TAATACAG_S29_L003_R2_001.fastq.gz	1fdeaa9714ee64cc80f5c7887e91b206
PRJEB75192	HG02059_RNASeq	ERR12944364	ena-RUN-TAB-21-04-2024-05:22:49:026-34714	Illumina NovaSeq 6000	2024-04-21T06:22:58		PRIVATE	Webin-56587	ERP159777	ERX12316705	ERS19012129	Illumina NovaSeq 6000	HG02059	TRANSCRIPTOMIC	PolyA	RNA-Seq	HG02059_GT21-11699_GCGCAAGC-CGGCGTGA_S35_L003_R2_001.fastq.gz	1d440ad460611e1414b9e7e2b041d5a0
PRJEB75192	HG02059_RNASeq_R1	ERR12944352	ena-RUN-TAB-21-04-2024-05:22:49:017-34690	Illumina NovaSeq 6000	2024-04-21T06:22:57		PRIVATE	Webin-56587	ERP159777	ERX12316693	ERS19012162	Illumina NovaSeq 6000	HG02059	TRANSCRIPTOMIC	PolyA	RNA-Seq	HG02059_GT21-11699_GCGCAAGC-CGGCGTGA_S35_L003_R1_001.fastq.gz	9ff0519a28a8ebeaa30256f8e10a04db
PRJEB75192	HG02106_RNASeq	ERR12944366	ena-RUN-TAB-21-04-2024-05:22:49:027-34718	Illumina NovaSeq 6000	2024-04-21T06:22:58		PRIVATE	Webin-56587	ERP159777	ERX12316707	ERS19012143	Illumina NovaSeq 6000	HG02106	TRANSCRIPTOMIC	PolyA	RNA-Seq	HG02106_GT21-11696_TAAGTGGT-GGCTTAAG_S33_L003_R2_001.fastq.gz	95dae2732ca32eacaa366f840d7ecfa5
PRJEB75192	HG02106_RNASeq_R1	ERR12944359	ena-RUN-TAB-21-04-2024-05:22:49:022-34704	Illumina NovaSeq 6000	2024-04-21T06:22:58		PRIVATE	Webin-56587	ERP159777	ERX12316700	ERS19012155	Illumina NovaSeq 6000	HG02106	TRANSCRIPTOMIC	PolyA	RNA-Seq	HG02106_GT21-11696_TAAGTGGT-GGCTTAAG_S33_L003_R1_001.fastq.gz	23fb65281cca5ae0d69e5d3005a2042a
PRJEB75192	HG02282_RNASeq	ERR12944334	ena-RUN-TAB-21-04-2024-05:22:49:002-34654	Illumina NovaSeq 6000	2024-04-21T06:22:56		PRIVATE	Webin-56587	ERP159777	ERX12316675	ERS19012127	Illumina NovaSeq 6000	HG02282	TRANSCRIPTOMIC	PolyA	RNA-Seq	HG02282_GT21-11691_CGTTAGAA-GACCTGAA_S28_L003_R2_001.fastq.gz	dcf58aa598a8d888d7dcb4b4a6f4130d
PRJEB75192	HG02282_RNASeq_R1	ERR12944369	ena-RUN-TAB-21-04-2024-05:22:49:030-34724	Illumina NovaSeq 6000	2024-04-21T06:22:58		PRIVATE	Webin-56587	ERP159777	ERX12316710	ERS19012144	Illumina NovaSeq 6000	HG02282	TRANSCRIPTOMIC	PolyA	RNA-Seq	HG02282_GT21-11691_CGTTAGAA-GACCTGAA_S28_L003_R1_001.fastq.gz	c739a46610019639ea572408270508d1
PRJEB75192	HG02769_RNASeq	ERR12944358	ena-RUN-TAB-21-04-2024-05:22:49:022-34702	Illumina NovaSeq 6000	2024-04-21T06:22:58		PRIVATE	Webin-56587	ERP159777	ERX12316699	ERS19012134	Illumina NovaSeq 6000	HG02769	TRANSCRIPTOMIC	PolyA	RNA-Seq	HG02769_GT21-11703_ATGGCATG-GGTACCTT_S38_L004_R2_001.fastq.gz	2518c35a39158444024179a7cb097d06
PRJEB75192	HG02769_RNASeq_R1	ERR12944348	ena-RUN-TAB-21-04-2024-05:22:49:014-34682	Illumina NovaSeq 6000	2024-04-21T06:22:57		PRIVATE	Webin-56587	ERP159777	ERX12316689	ERS19012159	Illumina NovaSeq 6000	HG02769	TRANSCRIPTOMIC	PolyA	RNA-Seq	HG02769_GT21-11703_ATGGCATG-GGTACCTT_S38_L004_R1_001.fastq.gz	d479fcc46f620c091783f2dbe5a51f17
PRJEB75192	HG02818-replacement_RNASeq	ERR12944351	ena-RUN-TAB-21-04-2024-05:22:49:016-34688	Illumina NovaSeq 6000	2024-04-21T06:22:57		PRIVATE	Webin-56587	ERP159777	ERX12316692	ERS19012130	Illumina NovaSeq 6000	HG02818-replacement	TRANSCRIPTOMIC	PolyA	RNA-Seq	HG02818-replacement_GT23-10962_ATATCTCG-ACTAAGAT_S43_L001_R1_001.fastq.gz	11f25258de4968f96e3fde812915aeea
PRJEB75192	HG02818-replacement_RNASeq_R2	ERR12944344	ena-RUN-TAB-21-04-2024-05:22:49:010-34674	Illumina NovaSeq 6000	2024-04-21T06:22:57		PRIVATE	Webin-56587	ERP159777	ERX12316685	ERS19012157	Illumina NovaSeq 6000	HG02818-replacement	TRANSCRIPTOMIC	PolyA	RNA-Seq	HG02818-replacement_GT23-10962_ATATCTCG-ACTAAGAT_S43_L001_R2_001.fastq.gz	df8df91dd0c6ecdf2f511bd604d1cbd8
PRJEB75192	HG03452_RNASeq	ERR12944367	ena-RUN-TAB-21-04-2024-05:22:49:028-34720	Illumina NovaSeq 6000	2024-04-21T06:22:58		PRIVATE	Webin-56587	ERP159777	ERX12316708	ERS19012131	Illumina NovaSeq 6000	HG03452	TRANSCRIPTOMIC	PolyA	RNA-Seq	HG03452_GT21-11704_GCAATGCA-AACGTTCC_S43_L004_R1_001.fastq.gz	8f54b9aceec17a0acbf81950f67dfda3
PRJEB75192	HG03452_RNASeq_R2	ERR12944349	ena-RUN-TAB-21-04-2024-05:22:49:014-34684	Illumina NovaSeq 6000	2024-04-21T06:22:57		PRIVATE	Webin-56587	ERP159777	ERX12316690	ERS19012149	Illumina NovaSeq 6000	HG03452	TRANSCRIPTOMIC	PolyA	RNA-Seq	HG03452_GT21-11704_GCAATGCA-AACGTTCC_S43_L004_R2_001.fastq.gz	90bd93ca2758cf9b4afa10b2d084b5b0
PRJEB75192	HG03456_RNASeq	ERR12944350	ena-RUN-TAB-21-04-2024-05:22:49:015-34686	Illumina NovaSeq 6000	2024-04-21T06:22:57		PRIVATE	Webin-56587	ERP159777	ERX12316691	ERS19012140	Illumina NovaSeq 6000	HG03456	TRANSCRIPTOMIC	PolyA	RNA-Seq	HG03456_GT23-06657_GATCTATC-AGCCTCAT_S18_L001_R2_001.fastq.gz	a3084dd1e0c72713d397db47272b97a1
PRJEB75192	HG03456_RNASeq_R1	ERR12944355	ena-RUN-TAB-21-04-2024-05:22:49:019-34696	Illumina NovaSeq 6000	2024-04-21T06:22:58		PRIVATE	Webin-56587	ERP159777	ERX12316696	ERS19012146	Illumina NovaSeq 6000	HG03456	TRANSCRIPTOMIC	PolyA	RNA-Seq	HG03456_GT23-06657_GATCTATC-AGCCTCAT_S18_L001_R1_001.fastq.gz	efdd813a16c15b51b5f03c8f35881d38
PRJEB75192	HG03520_RNASeq	ERR12944346	ena-RUN-TAB-21-04-2024-05:22:49:012-34678	Illumina NovaSeq 6000	2024-04-21T06:22:57		PRIVATE	Webin-56587	ERP159777	ERX12316687	ERS19012135	Illumina NovaSeq 6000	HG03520	TRANSCRIPTOMIC	PolyA	RNA-Seq	HG03520_GT21-11690_TACCGAGG-AGTTCAGG_S22_L002_R2_001.fastq.gz	0208d3590d6361363028d632f0a31e24
PRJEB75192	HG03520_RNASeq_R1	ERR12944368	ena-RUN-TAB-21-04-2024-05:22:49:029-34722	Illumina NovaSeq 6000	2024-04-21T06:22:58		PRIVATE	Webin-56587	ERP159777	ERX12316709	ERS19012156	Illumina NovaSeq 6000	HG03520	TRANSCRIPTOMIC	PolyA	RNA-Seq	HG03520_GT21-11690_TACCGAGG-AGTTCAGG_S22_L002_R1_001.fastq.gz	08adaaf6482cad1215ce52055763076e
PRJEB75192	HG03807_RNASeq	ERR12944342	ena-RUN-TAB-21-04-2024-05:22:49:009-34670	Illumina NovaSeq 6000	2024-04-21T06:22:57		PRIVATE	Webin-56587	ERP159777	ERX12316683	ERS19012126	Illumina NovaSeq 6000	HG03807	TRANSCRIPTOMIC	PolyA	RNA-Seq	HG03807_GT21-11694_TCGTAGTG-CCAAGTCT_S32_L003_R1_001.fastq.gz	5b2f297974e5cddefadd74f5f771e4a6
PRJEB75192	HG03807_RNASeq_R2	ERR12944337	ena-RUN-TAB-21-04-2024-05:22:49:005-34660	Illumina NovaSeq 6000	2024-04-21T06:22:56		PRIVATE	Webin-56587	ERP159777	ERX12316678	ERS19012158	Illumina NovaSeq 6000	HG03807	TRANSCRIPTOMIC	PolyA	RNA-Seq	HG03807_GT21-11694_TCGTAGTG-CCAAGTCT_S32_L003_R2_001.fastq.gz	9dfdd91f34cc3155034226c36ded6b72
PRJEB75192	HG04036_RNASeq	ERR12944333	ena-RUN-TAB-21-04-2024-05:22:49:002-34652	Illumina NovaSeq 6000	2024-04-21T06:22:56		PRIVATE	Webin-56587	ERP159777	ERX12316674	ERS19012136	Illumina NovaSeq 6000	HG04036	TRANSCRIPTOMIC	PolyA	RNA-Seq	HG04036_GT21-11708_GCGCTCTA-GTCGGAGC_S41_L004_R2_001.fastq.gz	32aca5fbed98e6c50d330cbdc336a896
PRJEB75192	HG04036_RNASeq_R1	ERR12944361	ena-RUN-TAB-21-04-2024-05:22:49:024-34708	Illumina NovaSeq 6000	2024-04-21T06:22:58		PRIVATE	Webin-56587	ERP159777	ERX12316702	ERS19012160	Illumina NovaSeq 6000	HG04036	TRANSCRIPTOMIC	PolyA	RNA-Seq	HG04036_GT21-11708_GCGCTCTA-GTCGGAGC_S41_L004_R1_001.fastq.gz	54cf4adeef4cef9f4871e1ff38393850
PRJEB75192	HG04217_RNASeq	ERR12944360	ena-RUN-TAB-21-04-2024-05:22:49:023-34706	Illumina NovaSeq 6000	2024-04-21T06:22:58		PRIVATE	Webin-56587	ERP159777	ERX12316701	ERS19012139	Illumina NovaSeq 6000	HG04217	TRANSCRIPTOMIC	PolyA	RNA-Seq	HG04217_GT21-11693_GATTCTGC-CTCTCGTC_S36_L003_R1_001.fastq.gz	ab4a4e0bfe2436415eac3e9a477453a5
PRJEB75192	HG04217_RNASeq_R2	ERR12944336	ena-RUN-TAB-21-04-2024-05:22:49:004-34658	Illumina NovaSeq 6000	2024-04-21T06:22:56		PRIVATE	Webin-56587	ERP159777	ERX12316677	ERS19012150	Illumina NovaSeq 6000	HG04217	TRANSCRIPTOMIC	PolyA	RNA-Seq	HG04217_GT21-11693_GATTCTGC-CTCTCGTC_S36_L003_R2_001.fastq.gz	916df4a8f6ddfa4dffef2414225a16d8
PRJEB75192	NA19434_RNASeq	ERR12944339	ena-RUN-TAB-21-04-2024-05:22:49:006-34664	Illumina NovaSeq 6000	2024-04-21T06:22:56		PRIVATE	Webin-56587	ERP159777	ERX12316680	ERS19012137	Illumina NovaSeq 6000	NA19434	TRANSCRIPTOMIC	PolyA	RNA-Seq	NA19434_GT21-11692_AGCCTCAT-TCTCTACT_S31_L003_R2_001.fastq.gz	52ad387e433bc608f6a0535025fac5ce
PRJEB75192	NA19434_RNASeq_R1	ERR12944363	ena-RUN-TAB-21-04-2024-05:22:49:025-34712	Illumina NovaSeq 6000	2024-04-21T06:22:58		PRIVATE	Webin-56587	ERP159777	ERX12316704	ERS19012147	Illumina NovaSeq 6000	NA19434	TRANSCRIPTOMIC	PolyA	RNA-Seq	NA19434_GT21-11692_AGCCTCAT-TCTCTACT_S31_L003_R1_001.fastq.gz	e34bb18452375d6b6407da80ffe39b7b
PRJEB75192	NA19836_RNASeq	ERR12944362	ena-RUN-TAB-21-04-2024-05:22:49:024-34710	Illumina NovaSeq 6000	2024-04-21T06:22:58		PRIVATE	Webin-56587	ERP159777	ERX12316703	ERS19012138	Illumina NovaSeq 6000	NA19836	TRANSCRIPTOMIC	PolyA	RNA-Seq	NA19836_GT21-11695_CTACGACA-TTGGACTC_S34_L003_R1_001.fastq.gz	58e7d95f42f5e449ea451ef6cb65a748
PRJEB75192	NA19836_RNASeq_R2	ERR12944356	ena-RUN-TAB-21-04-2024-05:22:49:020-34698	Illumina NovaSeq 6000	2024-04-21T06:22:58		PRIVATE	Webin-56587	ERP159777	ERX12316697	ERS19012152	Illumina NovaSeq 6000	NA19836	TRANSCRIPTOMIC	PolyA	RNA-Seq	NA19836_GT21-11695_CTACGACA-TTGGACTC_S34_L003_R2_001.fastq.gz	5af0037ad80420be6975e32ee543b476
