study_accession	sample_accession	secondary_sample_accession	experiment_accession	run_accession	tax_id	instrument_platform	instrument_model	library_name	library_strategy	read_count	base_count	center_name	experiment_title	study_alias	experiment_alias	run_alias	fastq_bytes	fastq_md5	fastq_ftp	submitted_ftp	sample_alias	sample_title
PRJEB58376	SAMEA112688869	ERS14686427	ERX10404020	ERR10967182	9606	ILLUMINA	Illumina NovaSeq 6000	HG02666	WGS	470406420	71031369420	THE JACKSON LABORATORY	Illumina NovaSeq 6000 sequencing	2b1c3299-ea53-47ed-896e-92515d95c4c1	ena-EXPERIMENT-TAB-05-03-2023-17:09:27:588-11881	ena-RUN-TAB-05-03-2023-17:09:27:588-11882	36246677575	ce379d5391edd85c71915b8ec5c9449f	ftp.sra.ebi.ac.uk/vol1/fastq/ERR109/082/ERR10967182/ERR10967182.fastq.gz	ftp.sra.ebi.ac.uk/vol1/run/ERR109/ERR10967182/HG02666_GT21-17620_CAACTCCA-GTAGGAGT_S90_L004_R1_001.fastq.gz	HG02666_HiC_23	HG02666
PRJEB58376	SAMEA112688867	ERS14686425	ERX10404021	ERR10967183	9606	ILLUMINA	Illumina NovaSeq 6000	HG03009	WGS	506300824	75945123600	THE JACKSON LABORATORY	Illumina NovaSeq 6000 sequencing	2b1c3299-ea53-47ed-896e-92515d95c4c1	ena-EXPERIMENT-TAB-05-03-2023-17:09:27:588-11883	ena-RUN-TAB-05-03-2023-17:09:27:588-11884	38789077808	0f31d0dcaf29f380222b8cc1a00cd8de	ftp.sra.ebi.ac.uk/vol1/fastq/ERR109/083/ERR10967183/ERR10967183.fastq.gz	ftp.sra.ebi.ac.uk/vol1/run/ERR109/ERR10967183/HG03009_GAAGACTG-TCACCTAG_HF35FDSXY_L004_001.R1.fastq.gz	HG03009_HiC_2	HG03009
PRJEB58376	SAMEA112688894	ERS14686452	ERX10404029	ERR10967191	9606	ILLUMINA	Illumina NovaSeq 6000	NA19384	WGS	578360117	87332377667	THE JACKSON LABORATORY	Illumina NovaSeq 6000 sequencing	2b1c3299-ea53-47ed-896e-92515d95c4c1	ena-EXPERIMENT-TAB-05-03-2023-17:09:27:591-11899	ena-RUN-TAB-05-03-2023-17:09:27:591-11900	45163113770	52fedd56cdeb7f0eb4368b15f76483d5	ftp.sra.ebi.ac.uk/vol1/fastq/ERR109/091/ERR10967191/ERR10967191.fastq.gz	ftp.sra.ebi.ac.uk/vol1/run/ERR109/ERR10967191/NA19384_GT21-17625_TTCACGGA-TCCTACCT_S94_L004_R2_001.fastq.gz	NA19384_HiC_18	NA19384
PRJEB58376	SAMEA112688878	ERS14686436	ERX10404031	ERR10967193	9606	ILLUMINA	Illumina NovaSeq 6000	HG00512	WGS	422997468	63872617668	THE JACKSON LABORATORY	Illumina NovaSeq 6000 sequencing	2b1c3299-ea53-47ed-896e-92515d95c4c1	ena-EXPERIMENT-TAB-05-03-2023-17:09:27:591-11903	ena-RUN-TAB-05-03-2023-17:09:27:591-11904	31200671041	7a05a0eba8c92cec1e69b46fc2bee841	ftp.sra.ebi.ac.uk/vol1/fastq/ERR109/093/ERR10967193/ERR10967193.fastq.gz	ftp.sra.ebi.ac.uk/vol1/run/ERR109/ERR10967193/HG00512_GT21-17627_CCTATTGG-GGTTGTCA_S6_L001_R1_001.fastq.gz	HG00512_HiC_1	HG00512
PRJEB58376	SAMEA112688895	ERS14686453	ERX10404032	ERR10967194	9606	ILLUMINA	Illumina NovaSeq 6000	HG03248	WGS	76090155	11489613405	THE JACKSON LABORATORY	Illumina NovaSeq 6000 sequencing	2b1c3299-ea53-47ed-896e-92515d95c4c1	ena-EXPERIMENT-TAB-05-03-2023-17:09:27:591-11905	ena-RUN-TAB-05-03-2023-17:09:27:592-11906	5752561225	ff4080180d05ddd12bff1772c2c3eb0d	ftp.sra.ebi.ac.uk/vol1/fastq/ERR109/094/ERR10967194/ERR10967194.fastq.gz	ftp.sra.ebi.ac.uk/vol1/run/ERR109/ERR10967194/HG03248_GT21-17623_ATCCACGA-GGCATACT_S203_L004_R2_001.fastq.gz	HG03248_HiC_22	HG03248
PRJEB58376	SAMEA112688891	ERS14686449	ERX10404034	ERR10967196	9606	ILLUMINA	Illumina NovaSeq 6000	GM19650	WGS	27990290	4198543500	THE JACKSON LABORATORY	Illumina NovaSeq 6000 sequencing	2b1c3299-ea53-47ed-896e-92515d95c4c1	ena-EXPERIMENT-TAB-05-03-2023-17:09:27:592-11909	ena-RUN-TAB-05-03-2023-17:09:27:592-11910	2195349662	f213bf2abf813dd78caf5544640cedb9	ftp.sra.ebi.ac.uk/vol1/fastq/ERR109/096/ERR10967196/ERR10967196.fastq.gz	ftp.sra.ebi.ac.uk/vol1/run/ERR109/ERR10967196/GM19650_TGAGACGA-AACCAGAG_HF35FDSXY_L003_001.R2.fastq.gz	GM19650_HiC_1	GM19650
PRJEB58376	SAMEA112688882	ERS14686440	ERX10404037	ERR10967199	9606	ILLUMINA	Illumina NovaSeq 6000	NA19331	WGS	484979333	73231879283	THE JACKSON LABORATORY	Illumina NovaSeq 6000 sequencing	2b1c3299-ea53-47ed-896e-92515d95c4c1	ena-EXPERIMENT-TAB-05-03-2023-17:09:27:593-11915	ena-RUN-TAB-05-03-2023-17:09:27:593-11916	35516719119	b1bb28171b22a76baeeff3c8945d5854	ftp.sra.ebi.ac.uk/vol1/fastq/ERR109/099/ERR10967199/ERR10967199.fastq.gz	ftp.sra.ebi.ac.uk/vol1/run/ERR109/ERR10967199/NA19331_GT21-17619_GATCCACT-ACAGCTCA_S83_L003_R1_001.fastq.gz	NA19331_HiC_20	NA19331
PRJEB58376	SAMEA112688893	ERS14686451	ERX10404038	ERR10967200	9606	ILLUMINA	Illumina NovaSeq 6000	HG01457	WGS	465528469	70294798819	THE JACKSON LABORATORY	Illumina NovaSeq 6000 sequencing	2b1c3299-ea53-47ed-896e-92515d95c4c1	ena-EXPERIMENT-TAB-05-03-2023-17:09:27:593-11917	ena-RUN-TAB-05-03-2023-17:09:27:593-11918	35368172511	85d211710c68963c7b582cd88108e071	ftp.sra.ebi.ac.uk/vol1/fastq/ERR109/000/ERR10967200/ERR10967200.fastq.gz	ftp.sra.ebi.ac.uk/vol1/run/ERR109/ERR10967200/HG01457_GT21-17624_ACGATCAG-CTTCACCA_S89_L004_R2_001.fastq.gz	HG01457_HiC_4	HG01457
PRJEB58376	SAMEA112688883	ERS14686441	ERX10466135	ERR11030201	9606	ILLUMINA	Illumina NovaSeq 6000	GM18534	WGS	606049776	90907466400	THE JACKSON LABORATORY	Illumina NovaSeq 6000 sequencing	2b1c3299-ea53-47ed-896e-92515d95c4c1	ena-EXPERIMENT-TAB-20-03-2023-14:17:16:578-345	ena-RUN-TAB-20-03-2023-14:17:16:579-346	45216803049	0161a34596112d64212d922ca2a48a3e	ftp.sra.ebi.ac.uk/vol1/fastq/ERR110/001/ERR11030201/ERR11030201.fastq.gz	ftp.sra.ebi.ac.uk/vol1/run/ERR110/ERR11030201/GM18534_CTGGTCAT-ACGAGAAC_HF35FDSXY_L001_001.R2.fastq.gz	GM18534_HiC_2	GM18534
PRJEB58376	SAMEA112688870	ERS14686428	ERX10404023	ERR10967185	9606	ILLUMINA	Illumina NovaSeq 6000	HG03009	WGS	506300824	75945123600	THE JACKSON LABORATORY	Illumina NovaSeq 6000 sequencing	2b1c3299-ea53-47ed-896e-92515d95c4c1	ena-EXPERIMENT-TAB-05-03-2023-17:09:27:589-11887	ena-RUN-TAB-05-03-2023-17:09:27:589-11888	39161198471	8f273bacfb819b0d5abad13ec4b64d83	ftp.sra.ebi.ac.uk/vol1/fastq/ERR109/085/ERR10967185/ERR10967185.fastq.gz	ftp.sra.ebi.ac.uk/vol1/run/ERR109/ERR10967185/HG03009_GAAGACTG-TCACCTAG_HF35FDSXY_L004_001.R2.fastq.gz	HG03009_HiC_4	HG03009
PRJEB58376	SAMEA112688876	ERS14686434	ERX10404026	ERR10967188	9606	ILLUMINA	Illumina NovaSeq 6000	NA19347	WGS	499249914	75386737014	THE JACKSON LABORATORY	Illumina NovaSeq 6000 sequencing	2b1c3299-ea53-47ed-896e-92515d95c4c1	ena-EXPERIMENT-TAB-05-03-2023-17:09:27:590-11893	ena-RUN-TAB-05-03-2023-17:09:27:590-11894	36430259180	463d920062111fa2141a4585ed559671	ftp.sra.ebi.ac.uk/vol1/fastq/ERR109/088/ERR10967188/ERR10967188.fastq.gz	ftp.sra.ebi.ac.uk/vol1/run/ERR109/ERR10967188/NA19347_GT21-17622_ACCTCTTC-CGGAATAC_S92_L004_R1_001.fastq.gz	NA19347_HiC_5	NA19347
PRJEB58376	SAMEA112688868	ERS14686426	ERX10404030	ERR10967192	9606	ILLUMINA	Illumina NovaSeq 6000	NA19317	WGS	514076453	77625544403	THE JACKSON LABORATORY	Illumina NovaSeq 6000 sequencing	2b1c3299-ea53-47ed-896e-92515d95c4c1	ena-EXPERIMENT-TAB-05-03-2023-17:09:27:591-11901	ena-RUN-TAB-05-03-2023-17:09:27:591-11902	39343394382	348e10a31a99bf222410c4054f67e175	ftp.sra.ebi.ac.uk/vol1/fastq/ERR109/092/ERR10967192/ERR10967192.fastq.gz	ftp.sra.ebi.ac.uk/vol1/run/ERR109/ERR10967192/NA19317_GT21-17621_GCAATTCC-TGTTGTGG_S91_L004_R2_001.fastq.gz	NA19317_HiC_8	NA19317
PRJEB58376	SAMEA112688874	ERS14686432	ERX10404036	ERR10967198	9606	ILLUMINA	Illumina NovaSeq 6000	NA19347	WGS	499249914	75386737014	THE JACKSON LABORATORY	Illumina NovaSeq 6000 sequencing	2b1c3299-ea53-47ed-896e-92515d95c4c1	ena-EXPERIMENT-TAB-05-03-2023-17:09:27:593-11913	ena-RUN-TAB-05-03-2023-17:09:27:593-11914	38395726848	3680d2da249d67f4e69f4ed0b7842e50	ftp.sra.ebi.ac.uk/vol1/fastq/ERR109/098/ERR10967198/ERR10967198.fastq.gz	ftp.sra.ebi.ac.uk/vol1/run/ERR109/ERR10967198/NA19347_GT21-17622_ACCTCTTC-CGGAATAC_S92_L004_R2_001.fastq.gz	NA19347_HiC_19	NA19347
PRJEB58376	SAMEA112688866	ERS14686424	ERX10404039	ERR10967201	9606	ILLUMINA	Illumina NovaSeq 6000	HG03248	WGS	76090155	11489613405	THE JACKSON LABORATORY	Illumina NovaSeq 6000 sequencing	2b1c3299-ea53-47ed-896e-92515d95c4c1	ena-EXPERIMENT-TAB-05-03-2023-17:09:27:593-11919	ena-RUN-TAB-05-03-2023-17:09:27:594-11920	6592598282	4c1f605cd8fd0e9d842f1f784e93cdc8	ftp.sra.ebi.ac.uk/vol1/fastq/ERR109/001/ERR10967201/ERR10967201.fastq.gz	ftp.sra.ebi.ac.uk/vol1/run/ERR109/ERR10967201/HG03248_GT21-17623_ATCCACGA-GGCATACT_S203_L004_R1_001.fastq.gz	HG03248_HiC_17	HG03248
PRJEB58376	SAMEA112688889	ERS14686447	ERX10404041	ERR10967203	9606	ILLUMINA	Illumina NovaSeq 6000	HG01457	WGS	465528469	70294798819	THE JACKSON LABORATORY	Illumina NovaSeq 6000 sequencing	2b1c3299-ea53-47ed-896e-92515d95c4c1	ena-EXPERIMENT-TAB-05-03-2023-17:09:27:594-11923	ena-RUN-TAB-05-03-2023-17:09:27:594-11924	34421070217	b0c062ad446a61e343a32cf02c4ffef1	ftp.sra.ebi.ac.uk/vol1/fastq/ERR109/003/ERR10967203/ERR10967203.fastq.gz	ftp.sra.ebi.ac.uk/vol1/run/ERR109/ERR10967203/HG01457_GT21-17624_ACGATCAG-CTTCACCA_S89_L004_R1_001.fastq.gz	HG01457_HiC_12	HG01457
PRJEB58376	SAMEA112688877	ERS14686435	ERX10404042	ERR10967204	9606	ILLUMINA	Illumina NovaSeq 6000	NA19331	WGS	484979333	73231879283	THE JACKSON LABORATORY	Illumina NovaSeq 6000 sequencing	2b1c3299-ea53-47ed-896e-92515d95c4c1	ena-EXPERIMENT-TAB-05-03-2023-17:09:27:594-11925	ena-RUN-TAB-05-03-2023-17:09:27:594-11926	37263877626	89631a70e6325540d31452949b0d9567	ftp.sra.ebi.ac.uk/vol1/fastq/ERR109/004/ERR10967204/ERR10967204.fastq.gz	ftp.sra.ebi.ac.uk/vol1/run/ERR109/ERR10967204/NA19331_GT21-17619_GATCCACT-ACAGCTCA_S83_L003_R2_001.fastq.gz	NA19331_HiC_6	NA19331
PRJEB58376	SAMEA112688879	ERS14686437	ERX10404043	ERR10967205	9606	ILLUMINA	Illumina NovaSeq 6000	HG00731	WGS	536285525	80979114275	THE JACKSON LABORATORY	Illumina NovaSeq 6000 sequencing	2b1c3299-ea53-47ed-896e-92515d95c4c1	ena-EXPERIMENT-TAB-05-03-2023-17:09:27:595-11927	ena-RUN-TAB-05-03-2023-17:09:27:595-11928	40364834280	4150d6781acdeb8a6099cb660bf3135f	ftp.sra.ebi.ac.uk/vol1/fastq/ERR109/005/ERR10967205/ERR10967205.fastq.gz	ftp.sra.ebi.ac.uk/vol1/run/ERR109/ERR10967205/HG00731_GT21-17626_CTGGTCAT-GTTCTCGT_S1_L001_R1_001.fastq.gz	HG00731_HiC_2	HG00731
PRJEB58376	SAMEA112688873	ERS14686431	ERX10466136	ERR11030202	9606	ILLUMINA	Illumina NovaSeq 6000	GM18534	WGS	25699105	3854865750	THE JACKSON LABORATORY	Illumina NovaSeq 6000 sequencing	2b1c3299-ea53-47ed-896e-92515d95c4c1	ena-EXPERIMENT-TAB-20-03-2023-14:17:16:579-347	ena-RUN-TAB-20-03-2023-14:17:16:581-348	2042668312	6f13e44f3719b4e97728565a16f0896e	ftp.sra.ebi.ac.uk/vol1/fastq/ERR110/002/ERR11030202/ERR11030202.fastq.gz	ftp.sra.ebi.ac.uk/vol1/run/ERR110/ERR11030202/GM18534_CTGGTCAT-ACGAGAAC_HF35FDSXY_L001_001.R1.fastq.gz	GM18534_HiC_1	GM18534
PRJEB58376	SAMEA113932465	ERS15926632	ERX10989269	ERR11586191	9606	ILLUMINA	Illumina NovaSeq 6000	GM18989	WGS	431527434	65160642534	THE JACKSON LABORATORY	Illumina NovaSeq 6000 sequencing	2b1c3299-ea53-47ed-896e-92515d95c4c1	ena-EXPERIMENT-TAB-21-06-2023-23:27:21:553-50984	ena-RUN-TAB-21-06-2023-23:27:21:553-50985	32733238980	240b9c7f012c6c0504e3a2fce513146f	ftp.sra.ebi.ac.uk/vol1/fastq/ERR115/091/ERR11586191/ERR11586191.fastq.gz	ftp.sra.ebi.ac.uk/vol1/run/ERR115/ERR11586191/GM18989_GT21-17618_TCAATCCG-TTCGCAGT_S85_L003_R2_001.fastq.gz	GM18989_HiC_2	GM18989
PRJEB58376	SAMEA112688888	ERS14686446	ERX10404019	ERR10967181	9606	ILLUMINA	Illumina NovaSeq 6000	HG00731	WGS	536285525	80979114275	THE JACKSON LABORATORY	Illumina NovaSeq 6000 sequencing	2b1c3299-ea53-47ed-896e-92515d95c4c1	ena-EXPERIMENT-TAB-05-03-2023-17:09:27:587-11879	ena-RUN-TAB-05-03-2023-17:09:27:587-11880	39371706427	07490f1e4dc62ca1994ad1f7a0de9979	ftp.sra.ebi.ac.uk/vol1/fastq/ERR109/081/ERR10967181/ERR10967181.fastq.gz	ftp.sra.ebi.ac.uk/vol1/run/ERR109/ERR10967181/HG00731_GT21-17626_CTGGTCAT-GTTCTCGT_S1_L001_R2_001.fastq.gz	HG00731_HiC_13	HG00731
PRJEB58376	SAMEA112688872	ERS14686430	ERX10404022	ERR10967184	9606	ILLUMINA	Illumina NovaSeq 6000	HG00512	WGS	422997468	63872617668	THE JACKSON LABORATORY	Illumina NovaSeq 6000 sequencing	2b1c3299-ea53-47ed-896e-92515d95c4c1	ena-EXPERIMENT-TAB-05-03-2023-17:09:27:588-11885	ena-RUN-TAB-05-03-2023-17:09:27:588-11886	31933900379	c8685978c6342cc8d2138ac09e1ecba0	ftp.sra.ebi.ac.uk/vol1/fastq/ERR109/084/ERR10967184/ERR10967184.fastq.gz	ftp.sra.ebi.ac.uk/vol1/run/ERR109/ERR10967184/HG00512_GT21-17627_CCTATTGG-GGTTGTCA_S6_L001_R2_001.fastq.gz	HG00512_HiC_9	HG00512
PRJEB58376	SAMEA112688890	ERS14686448	ERX10404024	ERR10967186	9606	ILLUMINA	Illumina NovaSeq 6000	HG02554	WGS	509345633	76911190583	THE JACKSON LABORATORY	Illumina NovaSeq 6000 sequencing	2b1c3299-ea53-47ed-896e-92515d95c4c1	ena-EXPERIMENT-TAB-05-03-2023-17:09:27:589-11889	ena-RUN-TAB-05-03-2023-17:09:27:589-11890	38261050839	06190d92a999d3838ac6a8b75d928f91	ftp.sra.ebi.ac.uk/vol1/fastq/ERR109/086/ERR10967186/ERR10967186.fastq.gz	ftp.sra.ebi.ac.uk/vol1/run/ERR109/ERR10967186/HG02554_GT21-22986_ACGCTTCT-ACCATAGG_S192_L004_R1_001.fastq.gz	HG02554_HiC_21	HG02554
PRJEB58376	SAMEA112688880	ERS14686438	ERX10404025	ERR10967187	9606	ILLUMINA	Illumina NovaSeq 6000	HG02953	WGS	741691485	111995414235	THE JACKSON LABORATORY	Illumina NovaSeq 6000 sequencing	2b1c3299-ea53-47ed-896e-92515d95c4c1	ena-EXPERIMENT-TAB-05-03-2023-17:09:27:589-11891	ena-RUN-TAB-05-03-2023-17:09:27:589-11892	55647566569	fe8df37648d08b2ed81870bdc741e3de	ftp.sra.ebi.ac.uk/vol1/fastq/ERR109/087/ERR10967187/ERR10967187.fastq.gz	ftp.sra.ebi.ac.uk/vol1/run/ERR109/ERR10967187/HG02953_GT21-22984_AGAAGCCT-AGTGACCT_S197_L004_R1_001.fastq.gz	HG02953_HiC_15	HG02953
PRJEB58376	SAMEA112688884	ERS14686442	ERX10404027	ERR10967189	9606	ILLUMINA	Illumina NovaSeq 6000	HG02554	WGS	509345633	76911190583	THE JACKSON LABORATORY	Illumina NovaSeq 6000 sequencing	2b1c3299-ea53-47ed-896e-92515d95c4c1	ena-EXPERIMENT-TAB-05-03-2023-17:09:27:590-11895	ena-RUN-TAB-05-03-2023-17:09:27:590-11896	39671342499	2e947002eca61206ec6fe12e6ff583b1	ftp.sra.ebi.ac.uk/vol1/fastq/ERR109/089/ERR10967189/ERR10967189.fastq.gz	ftp.sra.ebi.ac.uk/vol1/run/ERR109/ERR10967189/HG02554_GT21-22986_ACGCTTCT-ACCATAGG_S192_L004_R2_001.fastq.gz	HG02554_HiC_10	HG02554
PRJEB58376	SAMEA112688885	ERS14686443	ERX10404028	ERR10967190	9606	ILLUMINA	Illumina NovaSeq 6000	HG02953	WGS	741691485	111995414235	THE JACKSON LABORATORY	Illumina NovaSeq 6000 sequencing	2b1c3299-ea53-47ed-896e-92515d95c4c1	ena-EXPERIMENT-TAB-05-03-2023-17:09:27:590-11897	ena-RUN-TAB-05-03-2023-17:09:27:590-11898	56465758012	f7017f00c95b397a4e62065d367b12d1	ftp.sra.ebi.ac.uk/vol1/fastq/ERR109/090/ERR10967190/ERR10967190.fastq.gz	ftp.sra.ebi.ac.uk/vol1/run/ERR109/ERR10967190/HG02953_GT21-22984_AGAAGCCT-AGTGACCT_S197_L004_R2_001.fastq.gz	HG02953_HiC_11	HG02953
PRJEB58376	SAMEA112688892	ERS14686450	ERX10404033	ERR10967195	9606	ILLUMINA	Illumina NovaSeq 6000	NA19317	WGS	514076453	77625544403	THE JACKSON LABORATORY	Illumina NovaSeq 6000 sequencing	2b1c3299-ea53-47ed-896e-92515d95c4c1	ena-EXPERIMENT-TAB-05-03-2023-17:09:27:592-11907	ena-RUN-TAB-05-03-2023-17:09:27:592-11908	37665098176	9d9a7a6b48980bec4b5dce167f1273b7	ftp.sra.ebi.ac.uk/vol1/fastq/ERR109/095/ERR10967195/ERR10967195.fastq.gz	ftp.sra.ebi.ac.uk/vol1/run/ERR109/ERR10967195/NA19317_GT21-17621_GCAATTCC-TGTTGTGG_S91_L004_R1_001.fastq.gz	NA19317_HiC_24	NA19317
PRJEB58376	SAMEA112688886	ERS14686444	ERX10404035	ERR10967197	9606	ILLUMINA	Illumina NovaSeq 6000	NA19384	WGS	578360117	87332377667	THE JACKSON LABORATORY	Illumina NovaSeq 6000 sequencing	2b1c3299-ea53-47ed-896e-92515d95c4c1	ena-EXPERIMENT-TAB-05-03-2023-17:09:27:592-11911	ena-RUN-TAB-05-03-2023-17:09:27:592-11912	42372624599	f620de558bb5dba8d71a62f8cd763399	ftp.sra.ebi.ac.uk/vol1/fastq/ERR109/097/ERR10967197/ERR10967197.fastq.gz	ftp.sra.ebi.ac.uk/vol1/run/ERR109/ERR10967197/NA19384_GT21-17625_TTCACGGA-TCCTACCT_S94_L004_R1_001.fastq.gz	NA19384_HiC_7	NA19384
PRJEB58376	SAMEA112688881	ERS14686439	ERX10404040	ERR10967202	9606	ILLUMINA	Illumina NovaSeq 6000	HG03248	WGS	346509172	52322884972	THE JACKSON LABORATORY	Illumina NovaSeq 6000 sequencing	2b1c3299-ea53-47ed-896e-92515d95c4c1	ena-EXPERIMENT-TAB-05-03-2023-17:09:27:594-11921	ena-RUN-TAB-05-03-2023-17:09:27:594-11922	29996710082	61dac3233f8c281d6ce1126de67816c1	ftp.sra.ebi.ac.uk/vol1/fastq/ERR109/002/ERR10967202/ERR10967202.fastq.gz	ftp.sra.ebi.ac.uk/vol1/run/ERR109/ERR10967202/HG03248_GT21-17623_ATCCACGA-GGCATACT_S93_L004_R1_001.fastq.gz	HG03248_HiC_3	HG03248
PRJEB58376	SAMEA112688887	ERS14686445	ERX10404044	ERR10967206	9606	ILLUMINA	Illumina NovaSeq 6000	HG02666	WGS	470406420	71031369420	THE JACKSON LABORATORY	Illumina NovaSeq 6000 sequencing	2b1c3299-ea53-47ed-896e-92515d95c4c1	ena-EXPERIMENT-TAB-05-03-2023-17:09:27:595-11929	ena-RUN-TAB-05-03-2023-17:09:27:595-11930	35144392045	022e730172f347f98988aafb973f5cd9	ftp.sra.ebi.ac.uk/vol1/fastq/ERR109/006/ERR10967206/ERR10967206.fastq.gz	ftp.sra.ebi.ac.uk/vol1/run/ERR109/ERR10967206/HG02666_GT21-17620_CAACTCCA-GTAGGAGT_S90_L004_R2_001.fastq.gz	HG02666_HiC_14	HG02666
PRJEB58376	SAMEA112688875	ERS14686433	ERX10404045	ERR10967207	9606	ILLUMINA	Illumina NovaSeq 6000	HG03248	WGS	346509172	52322884972	THE JACKSON LABORATORY	Illumina NovaSeq 6000 sequencing	2b1c3299-ea53-47ed-896e-92515d95c4c1	ena-EXPERIMENT-TAB-05-03-2023-17:09:27:595-11931	ena-RUN-TAB-05-03-2023-17:09:27:595-11932	25911014844	0a9f79aa48cdb54625c16c79daca85e6	ftp.sra.ebi.ac.uk/vol1/fastq/ERR109/007/ERR10967207/ERR10967207.fastq.gz	ftp.sra.ebi.ac.uk/vol1/run/ERR109/ERR10967207/HG03248_GT21-17623_ATCCACGA-GGCATACT_S93_L004_R2_001.fastq.gz	HG03248_HiC_16	HG03248
PRJEB58376	SAMEA112688871	ERS14686429	ERX10404046	ERR10967208	9606	ILLUMINA	Illumina NovaSeq 6000	GM19650	WGS	846623607	126993541050	THE JACKSON LABORATORY	Illumina NovaSeq 6000 sequencing	2b1c3299-ea53-47ed-896e-92515d95c4c1	ena-EXPERIMENT-TAB-05-03-2023-17:09:27:596-11933	ena-RUN-TAB-05-03-2023-17:09:27:596-11934	64767055406	4753f56f76e568724da1bde46e02ad9f	ftp.sra.ebi.ac.uk/vol1/fastq/ERR109/008/ERR10967208/ERR10967208.fastq.gz	ftp.sra.ebi.ac.uk/vol1/run/ERR109/ERR10967208/GM19650_TGAGACGA-AACCAGAG_HF35FDSXY_L003_001.R1.fastq.gz	GM19650_HiC_3	GM19650
PRJEB58376	SAMEA112688883	ERS14686441	ERX10464215	ERR11028152	9606	ILLUMINA	Illumina NovaSeq 6000	NA18534	WGS	606049776	90907466400	THE JACKSON LABORATORY	Illumina NovaSeq 6000 sequencing	2b1c3299-ea53-47ed-896e-92515d95c4c1	ena-EXPERIMENT-TAB-19-03-2023-16:27:24:874-6649	ena-RUN-TAB-19-03-2023-16:27:24:874-6650	45218099528	128e68aaa572fabb6137d91dd8bd3e04	ftp.sra.ebi.ac.uk/vol1/fastq/ERR110/052/ERR11028152/ERR11028152.fastq.gz	ftp.sra.ebi.ac.uk/vol1/run/ERR110/ERR11028152/GM18534_CTGGTCAT-ACGAGAAC_HF35FDSXY_L001_001.R2.fastq.gz	GM18534_HiC_2	GM18534
PRJEB58376	SAMEA112688873	ERS14686431	ERX10464216	ERR11028153	9606	ILLUMINA	Illumina NovaSeq 6000	NA18534	WGS	25699105	3854865750	THE JACKSON LABORATORY	Illumina NovaSeq 6000 sequencing	2b1c3299-ea53-47ed-896e-92515d95c4c1	ena-EXPERIMENT-TAB-19-03-2023-16:27:24:874-6651	ena-RUN-TAB-19-03-2023-16:27:24:874-6652	2042728760	01ffd2277f13658fd4b4a7869cdaeac4	ftp.sra.ebi.ac.uk/vol1/fastq/ERR110/053/ERR11028153/ERR11028153.fastq.gz	ftp.sra.ebi.ac.uk/vol1/run/ERR110/ERR11028153/GM18534_CTGGTCAT-ACGAGAAC_HF35FDSXY_L001_001.R1.fastq.gz	GM18534_HiC_1	GM18534
PRJEB58376	SAMEA113932464	ERS15926631	ERX10989268	ERR11586190	9606	ILLUMINA	Illumina NovaSeq 6000	GM18989	WGS	431527434	65160642534	THE JACKSON LABORATORY	Illumina NovaSeq 6000 sequencing	2b1c3299-ea53-47ed-896e-92515d95c4c1	ena-EXPERIMENT-TAB-21-06-2023-23:27:21:552-50982	ena-RUN-TAB-21-06-2023-23:27:21:553-50983	31509222114	8172f62f980977416dd5fca87881136f	ftp.sra.ebi.ac.uk/vol1/fastq/ERR115/090/ERR11586190/ERR11586190.fastq.gz	ftp.sra.ebi.ac.uk/vol1/run/ERR115/ERR11586190/GM18989_GT21-17618_TCAATCCG-TTCGCAGT_S85_L003_R1_001.fastq.gz	GM18989_HiC_1	GM18989
